"","target_child_id","tokens","corpus_name"
"1",1754,6,"PetersonMcCabe"
"2",1999,7,"Hall"
"3",2006,5,"Hall"
"4",2007,19,"Hall"
"5",2020,8,"Hall"
"6",2040,20,"Hall"
"7",2053,4,"Hall"
"8",2065,4,"Hall"
"9",2077,3,"Hall"
"10",2091,6,"Hall"
"11",2108,5,"Hall"
"12",2112,2,"Hall"
"13",2127,18,"Hall"
"14",2130,4,"Hall"
"15",2141,14,"Hall"
"16",2172,10,"Hall"
"17",2187,1,"Hall"
"18",2202,11,"Hall"
"19",2234,6,"Hall"
"20",2249,2,"Hall"
"21",2264,8,"Hall"
"22",2279,3,"Hall"
"23",2291,5,"Hall"
"24",2302,4,"Hall"
"25",2315,4,"Hall"
"26",2316,6,"Hall"
"27",2317,1,"Hall"
"28",2319,11,"Hall"
"29",2328,2,"Hall"
"30",2377,6,"Hall"
"31",2399,14,"Hall"
"32",2400,14,"Hall"
"33",2402,6,"Hall"
"34",2405,10,"Hall"
"35",2575,4,"Gleason"
"36",2622,1,"Gleason"
"37",2643,1,"Gleason"
"38",3459,3,"Warren"
"39",4019,7,"Weist"
"40",5503,1,"Bliss"
